RAZAO SOCIAL;CNPJ;VALOR;VENCIMENTO;FORMA;ORIGEM DO CONSUMO
AGAPE FOODS LTDA;58.420.847/0001-05;3.636,00;16/10/2026;BOLETO;BIGGS 04
MARTI FOODS LTDA;60.663.917/0001-06;3.276,00;16/10/2026;BOLETO;BIGGS 01
SICA FOODS LTDA;58.423.590/0001-45;2.880,00;16/10/2026;BOLETO;BIGGS 07
RAMA FOODS LTDA;60.977.372/0001-02;2.451,00;16/10/2026;BOLETO;RAMA
FUSI FOODS LTDA;59.184.707/0001-48;2.406,00;16/10/2026;BOLETO;BIGGS 02
LANA FOODS LTDA;60.928.833/0001-49;1.848,00;16/10/2026;BOLETO;BIGGS 12
ELMA FOODS LTDA;60.663.757/0001-97;1.390,70;16/10/2026;BOLETO;IS 01
DEMAQUI FOODS LTDA;59.649.819/0001-27;1.386,00;16/10/2026;BOLETO;BIGGS 11
PANTI FOODS LTDA;60.663.807/0001-36;1.380,00;16/10/2026;BOLETO;BIGGS 10
PIGUI FOODS LTDA;58.423.546/0001-35;1.116,00;16/10/2026;BOLETO;BIGGS 03
LUAMA FOODS LTDA;52.934.334/0001-36;984,00;16/10/2026;BOLETO;ROBS
BRUTI FOODS LTDA;58.420.920/0001-49;936,00;16/10/2026;BOLETO;BIGGS 08
VERI FOODS LTDA;58.423.712/0001-01;864,00;16/10/2026;BOLETO;BIGGS 06
MADRI FOODS LTDA;58.420.201/0001-28;664,00;16/10/2026;BOLETO;IS 02
NEMAOM FOODS LTDA;57.895.291/0001-40;480,00;16/10/2026;BOLETO;CASARIA
JAPI FOODS LTDA;60.403.158/0001-34;251,00;16/10/2026;BOLETO;IS 03
BCALDI - CALDI GONGORA LTDA;22.084.283/0001-30;3.755,00;16/10/2026;BOLETO;BG 02
FAST ARIAM EQUIPAMENTOS LTDA;10.931.741/0001-40;3.305,79;16/10/2026;BOLETO;BG 04
MIDIOGRAF - BENVENHO CIA LTDA;00.350.242/0001-05;2.493,32;16/10/2026;BOLETO;BG 01
MS SERVICOS EMPRESARIAIS LTDA;30.251.887/0001-51;2.950,85;16/10/2026;BOLETO;TODAS
MDFA ADVOGADOS;43.047.073/0001-41;1.433,03;16/10/2026;BOLETO;CASARIA
SALUSSEG SEGURANCA PRIVADA LTDA;46.031.646/0001-37;573,50;16/10/2026;BOLETO;BG 10
TSB METALURGICA LTDA;80.924.418/0001-24;130,90;16/10/2026;BOLETO;BG 04
EVENTO CARRINHO - KAUANE CRISTINA CEFIL;;2.200,00;06/10/2026;PIX;EVENTO
IKI PRODUTOS ALIMENTICIOS LTDA;;1.802,20;08/10/2026;PIX;TODAS
TAON DELIVERY TECNOLOGIA LTDA;;503,40;09/10/2026;PIX;TODAS
IMOBILIARIA CRUCIOL;;300,00;13/10/2026;PIX;TODAS
INSTITUTO MESA VIVA;59.472.218/0001-91;3.321,25;20/10/2026;PIX;TODAS
MEL - AGENCIA DE MARKETING RAGGA;806.084.670-14;18.401,34;20/10/2026;PIX;TODAS
EVENTO CARRINHO - GIULIA MORO;;1.140,00;30/10/2026;PIX;EVENTO
OBRAMAX;23.476.033/0001-08;699,70;30/10/2026;PIX;BG 11
