RAZAO SOCIAL;CNPJ;VALOR;VENCIMENTO;ORIGEM DO CONSUMO;PAGO EM
MARTI FOODS LTDA;60.663.917/0001-06;3.096,00;14/09/2026;BG 05;30/09/2026
FUSI FOODS LTDA;59.184.707/0001-48;2.612,00;14/09/2026;BG 05;30/09/2026
PIGUI FOODS LTDA;58.423.546/0001-35;1.980,00;14/09/2026;BG 05;30/09/2026
AGAPE FOODS LTDA;58.420.847/0001-05;2.376,00;14/09/2026;BG 05;30/09/2026
VERI FOODS LTDA;58.423.712/0001-01;2.256,00;14/09/2026;BG 05;30/09/2026
SICA FOODS LTDA;58.423.590/0001-45;3.560,50;14/09/2026;BG 05;30/09/2026
BRUTI FOODS LTDA;58.420.920/0001-49;432,00;14/09/2026;BG 05;30/09/2026
PANTI FOODS LTDA;60.663.807/0001-36;1.260,00;14/09/2026;BG 05;30/09/2026
DEMAQUI FOODS LTDA;58.423.953/0001-42;1.008,00;14/09/2026;BG 05;30/09/2026
LANA FOODS LTDA;60.928.833/0001-49;2.448,00;14/09/2026;BG 05;30/09/2026
NEMAOM FOODS LTDA;57.895.291/0001-40;540,00;14/09/2026;BG 05;30/09/2026
ELMA FOODS LTDA;60.663.757/0001-97;1.562,00;14/09/2026;BG 05;30/09/2026
MADRI FOODS LTDA;58.420.201/0001-28;870,50;14/09/2026;BG 05;30/09/2026
JAPI FOODS LTDA;60.403.158/0001-34;565,50;14/09/2026;BG 05;30/09/2026
LUAMA FOODS (ROBS);52.934.334/0001-36;1.272,00;14/09/2026;BG 05;30/09/2026
RAMA FOODS (BG 13);60.977.372/0001-02;2.358,00;14/09/2026;BG 05;30/09/2026
MIDIOGRAF;00.350.242/0001-05;2.080,60;14/09/2026;BG 01;30/09/2026
FAST ARIAM;10.931.741/0001-40;2.630,90;14/09/2026;BG 04;30/09/2026
BCALDI;22.084.283/0001-30;926,25;14/09/2026;BG 02;30/09/2026
MDFA ADVOGADOS;43.047.073/0001-41;1.021,51;14/09/2026;CASARIA;30/09/2026
SALUSSEG SEGURANCA;46.031.646.0001-37;758,65;14/09/2026;BG 10;30/09/2026
MS SERVICO;30.251.887/000151;2.867,61;14/09/2026;BG 01;30/09/2026
UNIVERSIDADE ESTADUAL DE LONDRINA;78.640.489/0001-53;742,17;20/09/2026;IS 01 / BG 01;30/09/2026
MEL;806.084.670-14;6.582,53;20/09/2026;TODAS;30/09/2026
INSTITUTO MESA VIVA;59.472.218/0001-91;5.423,97;20/09/2026;TODAS;30/09/2026
VECTRA CONTRUTORA;;1.872,00;28/09/2026;BG 01;30/09/2026
